Date,Value
1/1/2013,1657.5
1/2/2013,1693.75
1/3/2013,1679.5
1/4/2013,1648
1/7/2013,1645.25
1/8/2013,1656
1/9/2013,1657.75
1/10/2013,1675
1/11/2013,1657.5
1/14/2013,1666.5
1/15/2013,1680.5
1/16/2013,1676.25
1/17/2013,1675
1/18/2013,1688.5
1/21/2013,1687.5
1/22/2013,1690.5
1/23/2013,1690.25
1/24/2013,1671
1/25/2013,1660
1/28/2013,1656.5
1/29/2013,1663.5
1/30/2013,1677.5
1/31/2013,1664.75
2/1/2013,1669
2/4/2013,1666
2/5/2013,1673.5
2/6/2013,1674.25
2/7/2013,1668
2/8/2013,1668.25
2/11/2013,1652
2/12/2013,1647.5
2/13/2013,1645
2/14/2013,1646
2/15/2013,1612.25
2/18/2013,1610.75
2/19/2013,1607.75
2/20/2013,1588.5
2/21/2013,1577
2/22/2013,1576.5
2/25/2013,1586.25
2/26/2013,1590.5
2/27/2013,1604.25
2/28/2013,1588.5
3/1/2013,1582.25
3/4/2013,1574.25
3/5/2013,1579.75
3/6/2013,1574
3/7/2013,1579.5
3/8/2013,1581.75
3/11/2013,1579
3/12/2013,1594
3/13/2013,1589.25
3/14/2013,1586
3/15/2013,1595.5
3/18/2013,1603.75
3/19/2013,1610.75
3/20/2013,1607.5
3/21/2013,1613.75
3/22/2013,1607.75
3/25/2013,1599.25
3/26/2013,1598
3/27/2013,1603
3/28/2013,1598.25
3/29/2013,1598.25
4/1/2013,1598.25
4/2/2013,1583.5
4/3/2013,1574.75
4/4/2013,1546.5
4/5/2013,1568
4/8/2013,1575
4/9/2013,1577.25
4/10/2013,1575
4/11/2013,1565
4/12/2013,1535.5
4/15/2013,1395
4/16/2013,1380
4/17/2013,1392
4/18/2013,1393.75
4/19/2013,1405.5
4/22/2013,1424.5
4/23/2013,1408
4/24/2013,1428.5
4/25/2013,1451
4/26/2013,1471.5
4/29/2013,1467.5
4/30/2013,1469
5/1/2013,1454.75
5/2/2013,1469.25
5/3/2013,1469.25
5/6/2013,1469.25
5/7/2013,1444.25
5/8/2013,1468
5/9/2013,1465.5
5/10/2013,1426.5
5/13/2013,1430.75
5/14/2013,1433.75
5/15/2013,1410
5/16/2013,1381
5/17/2013,1368.75
5/20/2013,1354.75
5/21/2013,1360.75
5/22/2013,1408.5
5/23/2013,1380.5
5/24/2013,1390.25
5/27/2013,1390.25
5/28/2013,1376.5
5/29/2013,1382.5
5/30/2013,1413.5
5/31/2013,1394.5
6/3/2013,1402.5
6/4/2013,1399.5
6/5/2013,1404
6/6/2013,1400
6/7/2013,1386
6/10/2013,1383.25
6/11/2013,1374.25
6/12/2013,1382.75
6/13/2013,1385
6/14/2013,1391.25
6/17/2013,1384.75
6/18/2013,1366.75
6/19/2013,1372.75
6/20/2013,1292.5
6/21/2013,1295.25
6/24/2013,1286.75
6/25/2013,1279
6/26/2013,1236.25
6/27/2013,1232.75
6/28/2013,1192
7/1/2013,1242.75
7/2/2013,1252.5
7/3/2013,1250
7/4/2013,1251.75
7/5/2013,1212.75
7/8/2013,1235.25
7/9/2013,1255.5
7/10/2013,1256
7/11/2013,1285
7/12/2013,1279.75
7/15/2013,1284.75
7/16/2013,1291.5
7/17/2013,1297.25
7/18/2013,1283.25
7/19/2013,1295.75
7/22/2013,1327
7/23/2013,1333.5
7/24/2013,1335
7/25/2013,1326
7/26/2013,1331
7/29/2013,1329.75
7/30/2013,1324.15
7/31/2013,1314.5
8/1/2013,1315
8/2/2013,1309.25
8/5/2013,1304.75
8/6/2013,1280.5
8/7/2013,1282.5
8/8/2013,1298.25
8/9/2013,1309
8/12/2013,1341
8/13/2013,1328.5
8/14/2013,1326.5
8/15/2013,1329.75
8/16/2013,1369.25
8/19/2013,1365
8/20/2013,1372.5
8/21/2013,1363
8/22/2013,1375.5
8/23/2013,1377.5
8/26/2013,1377.5
8/27/2013,1419.25
8/28/2013,1419.5
8/29/2013,1407.75
8/30/2013,1394.75
9/2/2013,1392.25
9/3/2013,1399.5
9/4/2013,1390
9/5/2013,1385
9/6/2013,1387
9/9/2013,1390
9/10/2013,1358.25
9/11/2013,1363.75
9/12/2013,1328
9/13/2013,1318.5
9/16/2013,1324
9/17/2013,1312.25
9/18/2013,1301
9/19/2013,1365.5
9/20/2013,1349.25
9/23/2013,1323
9/24/2013,1314.25
9/25/2013,1322.75
9/26/2013,1333
9/27/2013,1341
9/30/2013,1326.5
10/1/2013,1290.75
10/2/2013,1306.25
10/3/2013,1316
10/4/2013,1309.75
10/7/2013,1323.5
10/8/2013,1329.5
10/9/2013,1304
10/10/2013,1298.5
10/11/2013,1265.5
10/14/2013,1285.5
10/15/2013,1270.5
10/16/2013,1273.5
10/17/2013,1319.25
10/18/2013,1316.5
10/21/2013,1317.5
10/22/2013,1333
10/23/2013,1331.25
10/24/2013,1344.75
10/25/2013,1347.75
10/28/2013,1361
10/29/2013,1349.25
10/30/2013,1354.75
10/31/2013,1324
11/1/2013,1306.75
11/4/2013,1320.5
11/5/2013,1307.25
11/6/2013,1319
11/7/2013,1307.25
11/8/2013,1285.5
11/11/2013,1282.5
11/12/2013,1281.25
11/13/2013,1272.5
11/14/2013,1286
11/15/2013,1287.25
11/18/2013,1283.5
11/19/2013,1275.75
11/20/2013,1257
11/21/2013,1240
11/22/2013,1246.25
11/25/2013,1243
11/26/2013,1247.5
11/27/2013,1245
11/28/2013,1245.5
11/29/2013,1253
12/2/2013,1229.5
12/3/2013,1217.25
12/4/2013,1227.5
12/5/2013,1222.5
12/6/2013,1233
12/9/2013,1237
12/10/2013,1266.25
12/11/2013,1260.75
12/12/2013,1225.25
12/13/2013,1232
12/16/2013,1234.75
12/17/2013,1231.75
12/18/2013,1230.5
12/19/2013,1196
12/20/2013,1195.25
12/23/2013,1199
12/24/2013,1199
12/25/2013,1199
12/26/2013,1199
12/27/2013,1214.5
12/30/2013,1204.5
12/31/2013,1204.5
1/1/2014,1204.5
1/2/2014,1225
1/3/2014,1234.5
1/6/2014,1246.25
1/7/2014,1227.5
1/8/2014,1221
1/9/2014,1226
1/10/2014,1244.25
1/13/2014,1248
1/14/2014,1251.5
1/15/2014,1236
1/16/2014,1241.5
1/17/2014,1250
1/20/2014,1255.75
1/21/2014,1238
1/22/2014,1241
1/23/2014,1263
1/24/2014,1267
1/27/2014,1260.5
1/28/2014,1251.25
1/29/2014,1264
1/30/2014,1242.5
1/31/2014,1251
2/3/2014,1262
2/4/2014,1250.25
2/5/2014,1254.5
2/6/2014,1256.5
2/7/2014,1259.25
2/10/2014,1277
2/11/2014,1282
2/12/2014,1289.5
2/13/2014,1296
2/14/2014,1320
2/17/2014,1327.5
2/18/2014,1320.75
2/19/2014,1320.5
2/20/2014,1316.25
2/21/2014,1323.25
2/24/2014,1334.75
2/25/2014,1339
2/26/2014,1331.75
2/27/2014,1332.25
2/28/2014,1326.5
3/3/2014,1349.5
3/4/2014,1334.75
3/5/2014,1337
3/6/2014,1345.25
3/7/2014,1335.25
3/10/2014,1344
3/11/2014,1346.25
3/12/2014,1366
3/13/2014,1368.75
3/14/2014,1385
3/17/2014,1378.5
3/18/2014,1355.75
3/19/2014,1338
3/20/2014,1327
3/21/2014,1336
3/24/2014,1310.75
3/25/2014,1313.5
3/26/2014,1304
3/27/2014,1296
3/28/2014,1294.75
3/31/2014,1291.75
4/1/2014,1283.75
4/2/2014,1292
4/3/2014,1284
4/4/2014,1297.25
4/7/2014,1299
4/8/2014,1309.5
4/9/2014,1301.75
4/10/2014,1320.5
4/11/2014,1318
4/14/2014,1325.75
4/15/2014,1298
4/16/2014,1301.5
4/17/2014,1299
4/18/2014,1299
4/21/2014,1299
4/22/2014,1286.75
4/23/2014,1285.25
4/24/2014,1291.5
4/25/2014,1301.25
4/28/2014,1299
4/29/2014,1297.75
4/30/2014,1288.5
5/1/2014,1278.5
5/2/2014,1281.25
5/5/2014,1281.25
5/6/2014,1306.25
5/7/2014,1296
5/8/2014,1287
5/9/2014,1291.25
5/12/2014,1298.75
5/13/2014,1296.5
5/14/2014,1305.25
5/15/2014,1299
5/16/2014,1291.5
5/19/2014,1302
5/20/2014,1295.5
5/21/2014,1287.25
5/22/2014,1298.5
5/23/2014,1291.5
5/26/2014,1291.5
5/27/2014,1275.5
5/28/2014,1263.5
5/29/2014,1255
5/30/2014,1250.5
6/2/2014,1247.25
6/3/2014,1242.75
6/4/2014,1245.25
6/5/2014,1252.5
6/6/2014,1247.5
6/9/2014,1253.5
6/10/2014,1259.5
6/11/2014,1262
6/12/2014,1265.75
6/13/2014,1273
6/16/2014,1276.25
6/17/2014,1267.5
6/18/2014,1269.75
6/19/2014,1293
6/20/2014,1312.5
6/23/2014,1313.5
6/24/2014,1318.5
6/25/2014,1316.75
6/26/2014,1311.75
6/27/2014,1317.5
6/30/2014,1315
7/1/2014,1327.5
7/2/2014,1326.5
7/3/2014,1317.5
7/4/2014,1319.25
7/7/2014,1313
7/8/2014,1323
7/9/2014,1322.75
7/10/2014,1340.25
7/11/2014,1335
7/14/2014,1306
7/15/2014,1310
7/16/2014,1301
7/17/2014,1302.5
7/18/2014,1307.25
7/21/2014,1311.5
7/22/2014,1310.25
7/23/2014,1308
7/24/2014,1292.75
7/25/2014,1294.75
7/28/2014,1304.5
7/29/2014,1299.25
7/30/2014,1294.5
7/31/2014,1285.25
8/1/2014,1291.25
8/4/2014,1290.5
8/5/2014,1284.75
8/6/2014,1306.5
8/7/2014,1305.25
8/8/2014,1309.75
8/11/2014,1307.25
8/12/2014,1315.75
8/13/2014,1312
8/14/2014,1313.5
8/15/2014,1296
8/18/2014,1296.75
8/19/2014,1296.5
8/20/2014,1295
8/21/2014,1275.25
8/22/2014,1277.25
8/25/2014,1277.25
8/26/2014,1286
8/27/2014,1282.75
8/28/2014,1292
8/29/2014,1285.75
9/1/2014,1286.5
9/2/2014,1267
9/3/2014,1265.5
9/4/2014,1271.5
9/5/2014,1266
9/8/2014,1259
9/9/2014,1255.75
9/10/2014,1251
9/11/2014,1241.25
9/12/2014,1231.5
9/15/2014,1234.25
9/16/2014,1232.25
9/17/2014,1236
9/18/2014,1220.5
9/19/2014,1219.75
9/22/2014,1213.5
9/23/2014,1222
9/24/2014,1217.25
9/25/2014,1213.75
9/26/2014,1213.75
9/29/2014,1219.5
9/30/2014,1216.5
10/1/2014,1216.5
10/2/2014,1211.75
10/3/2014,1195
10/6/2014,1195.75
10/7/2014,1210.5
10/8/2014,1217
10/9/2014,1226.75
10/10/2014,1219
10/13/2014,1229
10/14/2014,1234.75
10/15/2014,1237.5
10/16/2014,1237.75
10/17/2014,1234.25
10/20/2014,1244.5
10/21/2014,1250.25
10/22/2014,1243.75
10/23/2014,1232.75
10/24/2014,1232.75
10/27/2014,1228.75
10/28/2014,1229.25
10/29/2014,1223.5
10/30/2014,1202
10/31/2014,1164.25
11/3/2014,1167.75
11/4/2014,1166.5
11/5/2014,1142
11/6/2014,1145
11/7/2014,1154.5
11/10/2014,1162
11/11/2014,1156.5
11/12/2014,1164.5
11/13/2014,1161.75
11/14/2014,1169
11/17/2014,1182.5
11/18/2014,1192.75
11/19/2014,1196
11/20/2014,1190
11/21/2014,1203.75
11/24/2014,1197.5
11/25/2014,1199
11/26/2014,1197.5
11/27/2014,1194.75
11/28/2014,1182.75
12/1/2014,1194
12/2/2014,1195
12/3/2014,1204.75
12/4/2014,1209
12/5/2014,1194
12/8/2014,1193
12/9/2014,1227
12/10/2014,1229
12/11/2014,1216.25
12/12/2014,1217
12/15/2014,1209.25
12/16/2014,1202.5
12/17/2014,1195.75
12/18/2014,1199
12/19/2014,1195.5
12/22/2014,1195.25
12/23/2014,1175.75
12/24/2014,1175.75
12/25/2014,1175.75
12/26/2014,1175.75
12/29/2014,1185.5
12/30/2014,1206
12/31/2014,1206
1/1/2015,1206
1/2/2015,1172
1/5/2015,1200
1/6/2015,1210.25
1/7/2015,1210.5
1/8/2015,1215.5
1/9/2015,1217.75
1/12/2015,1226.5
1/13/2015,1231.5
1/14/2015,1235
1/15/2015,1259
1/16/2015,1277.5
1/19/2015,1273.75
1/20/2015,1288.75
1/21/2015,1293.5
1/22/2015,1295.75
1/23/2015,1294.75
1/26/2015,1281.25
1/27/2015,1288.5
1/28/2015,1288
1/29/2015,1268.75
1/30/2015,1260.25
2/2/2015,1272.5
2/3/2015,1264.25
2/4/2015,1268.5
2/5/2015,1259.25
2/6/2015,1241
2/9/2015,1238.5
2/10/2015,1234.5
2/11/2015,1223.75
2/12/2015,1222.5
2/13/2015,1232.5
2/16/2015,1229.25
2/17/2015,1209.5
2/18/2015,1206
2/19/2015,1209.5
2/20/2015,1208.25
2/23/2015,1204.5
2/24/2015,1192.5
2/25/2015,1204.75
2/26/2015,1208.25
2/27/2015,1214
3/2/2015,1212.5
3/3/2015,1212.75
3/4/2015,1199.5
3/5/2015,1202
3/6/2015,1175.75
3/9/2015,1168.5
3/10/2015,1162
3/11/2015,1150
3/12/2015,1152.25
3/13/2015,1152
3/16/2015,1150.75
3/17/2015,1150.75
3/18/2015,1147.25
3/19/2015,1166
3/20/2015,1183.1
3/23/2015,1186.25
3/24/2015,1191.5
3/25/2015,1195.6
3/26/2015,1203.15
3/27/2015,1195.75
3/30/2015,1185.5
3/31/2015,1187
4/1/2015,1197
4/2/2015,1198.5
4/3/2015,1198.5
4/6/2015,1198.5
4/7/2015,1211
4/8/2015,1207.25
4/9/2015,1194.8
4/10/2015,1207.35
4/13/2015,1198.9
4/14/2015,1194.75
4/15/2015,1192.9
4/16/2015,1204.35
4/17/2015,1203.35
4/20/2015,1196.5
4/21/2015,1195.3
4/22/2015,1189.25
4/23/2015,1185.75
4/24/2015,1183
4/27/2015,1200
4/28/2015,1209
4/29/2015,1209
4/30/2015,1180.25
5/1/2015,1175.95
5/4/2015,1175.95
5/5/2015,1197
5/6/2015,1194.25
5/7/2015,1187
5/8/2015,1186
5/11/2015,1189.25
5/12/2015,1191.5
5/13/2015,1210.5
5/14/2015,1225
5/15/2015,1220.5
5/18/2015,1223.5
5/19/2015,1214.3
5/20/2015,1210.5
5/21/2015,1205
5/22/2015,1204.1
5/25/2015,1204.1
5/26/2015,1185.4
5/27/2015,1185.85
5/28/2015,1185
5/29/2015,1191.4
6/1/2015,1199.9
6/2/2015,1192.8
6/3/2015,1190
6/4/2015,1176
6/5/2015,1164.6
6/8/2015,1172.8
6/9/2015,1177.4
6/10/2015,1188.5
6/11/2015,1178.5
6/12/2015,1182.8
6/15/2015,1181.4
6/16/2015,1177.75
6/17/2015,1178
6/18/2015,1201.85
6/19/2015,1203.4
6/22/2015,1185.5
6/23/2015,1178
6/24/2015,1173.75
6/25/2015,1172.65
6/26/2015,1170.5
6/29/2015,1176
6/30/2015,1171
7/1/2015,1168
7/2/2015,1165.25
7/3/2015,1167.95
7/6/2015,1166
7/7/2015,1156.25
7/8/2015,1158.5
7/9/2015,1164.25
7/10/2015,1159.3
7/13/2015,1154
7/14/2015,1157.4
7/15/2015,1147.4
7/16/2015,1144.4
7/17/2015,1132.8
7/20/2015,1104.6
7/21/2015,1105.6
7/22/2015,1088.6
7/23/2015,1097.4
7/24/2015,1080.8
7/27/2015,1100
7/28/2015,1096.2
7/29/2015,1090.25
7/30/2015,1087.5
7/31/2015,1098.4
8/3/2015,1091.9
8/4/2015,1090.65
8/5/2015,1085.1
8/6/2015,1089.75
8/7/2015,1093.5
8/10/2015,1097
8/11/2015,1108.25
8/12/2015,1119
8/13/2015,1116.75
8/14/2015,1118.25
8/17/2015,1118.8
8/18/2015,1111.45
8/19/2015,1126.15
8/20/2015,1147.7
8/21/2015,1156.5
8/24/2015,1166.5
8/25/2015,1137.5
8/26/2015,1120.75
8/27/2015,1119
8/28/2015,1135
8/31/2015,1135
9/1/2015,1142.3
9/2/2015,1137.75
9/3/2015,1128
9/4/2015,1118.25
9/7/2015,1119.5
9/8/2015,1121.15
9/9/2015,1109.85
9/10/2015,1109.5
9/11/2015,1100.25
9/14/2015,1104.8
9/15/2015,1105.95
9/16/2015,1117.6
9/17/2015,1117.5
9/18/2015,1141.5
9/21/2015,1133.25
9/22/2015,1122.9
9/23/2015,1131.35
9/24/2015,1154.5
9/25/2015,1146.65
9/28/2015,1131.05
9/29/2015,1132.1
9/30/2015,1114
10/1/2015,1119
10/2/2015,1140.75
10/5/2015,1139.75
10/6/2015,1147.5
10/7/2015,1144.6
10/8/2015,1140
10/9/2015,1151.55
10/12/2015,1164.9
10/13/2015,1165.2
10/14/2015,1173.9
10/15/2015,1184.25
10/16/2015,1180.85
10/19/2015,1175.4
10/20/2015,1177.75
10/21/2015,1167.1
10/22/2015,1167
10/23/2015,1161.25
10/26/2015,1166.4
10/27/2015,1165.7
10/28/2015,1179.6
10/29/2015,1148.6
10/30/2015,1142.35
11/2/2015,1134
11/3/2015,1123.1
11/4/2015,1114.7
11/5/2015,1106.3
11/6/2015,1088.9
11/9/2015,1089.6
11/10/2015,1087.1
11/11/2015,1085.9
11/12/2015,1087.4
11/13/2015,1081.5
11/16/2015,1084.75
11/17/2015,1079.2
11/18/2015,1067.75
11/19/2015,1082.6
11/20/2015,1081.75
11/23/2015,1070.5
11/24/2015,1076.4
11/25/2015,1068
11/26/2015,1071
11/27/2015,1057.4
11/30/2015,1061.9
12/1/2015,1065.4
12/2/2015,1055.4
12/3/2015,1055.45
12/4/2015,1079.25
12/7/2015,1075.8
12/8/2015,1072.1
12/9/2015,1081
12/10/2015,1071
12/11/2015,1072.5
12/14/2015,1068.25
12/15/2015,1061.5
12/16/2015,1075.25
12/17/2015,1049.4
12/18/2015,1062.5
12/21/2015,1078.75
12/22/2015,1074.9
12/23/2015,1068.25
12/24/2015,1068.25
12/25/2015,1068.25
12/28/2015,1068.25
12/29/2015,1070.1
12/30/2015,1060
12/31/2015,1060
1/1/2016,1060
1/4/2016,1082.25
1/5/2016,1077
1/6/2016,1091.4
1/7/2016,1106.35
1/8/2016,1101.85
1/11/2016,1100.75
1/12/2016,1085.4
1/13/2016,1088.15
1/14/2016,1088.4
1/15/2016,1093.75
1/18/2016,1089.2
1/19/2016,1086.25
1/20/2016,1101.75
1/21/2016,1096.5
1/22/2016,1096.25
1/25/2016,1106.6
1/26/2016,1113.6
1/27/2016,1116.25
1/28/2016,1114
1/29/2016,1111.8
2/1/2016,1126.5
2/2/2016,1128.5
2/3/2016,1132
2/4/2016,1156.35
2/5/2016,1150.35
2/8/2016,1193.25
2/9/2016,1191
2/10/2016,1190
2/11/2016,1241
2/12/2016,1239.75
2/15/2016,1208.2
2/16/2016,1209.5
2/17/2016,1210
2/18/2016,1210.1
2/19/2016,1231.15
2/22/2016,1211
2/23/2016,1221.35
2/24/2016,1250.75
2/25/2016,1236
2/26/2016,1226.5
2/29/2016,1234.9
3/1/2016,1236.5
3/2/2016,1239.2
3/3/2016,1250.25
3/4/2016,1277.5
3/7/2016,1267.9
3/8/2016,1267
3/9/2016,1246.4
3/10/2016,1266.5
3/11/2016,1264.75
3/14/2016,1242.75
3/15/2016,1232
3/16/2016,1228.5
3/17/2016,1266.5
3/18/2016,1252.1
3/21/2016,1244.9
3/22/2016,1252.5
3/23/2016,1217.6
3/24/2016,1221
3/25/2016,1221
3/28/2016,1221
3/29/2016,1226
3/30/2016,1236.25
3/31/2016,1237
4/1/2016,1213.6
4/4/2016,1219.75
4/5/2016,1231.25
4/6/2016,1221.4
4/7/2016,1242.1
4/8/2016,1239.5
4/11/2016,1254.75
4/12/2016,1254.6
4/13/2016,1245.75
4/14/2016,1233.85
4/15/2016,1227.1
4/18/2016,1234.3
4/19/2016,1255.4
4/20/2016,1252
4/21/2016,1249.25
4/22/2016,1243.25
4/25/2016,1238.9
4/26/2016,1241.7
4/27/2016,1247.4
4/28/2016,1256
4/29/2016,1285.65
5/2/2016,1285.65
5/3/2016,1294
5/4/2016,1283
5/5/2016,1280.25
5/6/2016,1289
5/9/2016,1265.25
5/10/2016,1262.8
5/11/2016,1276.85
5/12/2016,1279.25
5/13/2016,1265.9
5/16/2016,1285.75
5/17/2016,1277
5/18/2016,1272.9
5/19/2016,1246.25
5/20/2016,1254.2
5/23/2016,1245.9
5/24/2016,1236.85
5/25/2016,1220.6
5/26/2016,1223.85
5/27/2016,1216.25
5/30/2016,1216.25
5/31/2016,1212.1
6/1/2016,1214.5
6/2/2016,1212.4
6/3/2016,1240.5
6/6/2016,1244
6/7/2016,1241
6/8/2016,1263
6/9/2016,1263.9
6/10/2016,1275.5
6/13/2016,1280.8
6/14/2016,1287.15
6/15/2016,1283.3
6/16/2016,1310.75
6/17/2016,1290.7
6/20/2016,1281.8
6/21/2016,1272.6
6/22/2016,1264.85
6/23/2016,1262.15
6/24/2016,1315.5
6/27/2016,1324.55
6/28/2016,1309.7
6/29/2016,1321.5
6/30/2016,1320.75
7/1/2016,1340
7/4/2016,1350.75
7/5/2016,1350.75
7/6/2016,1366.25
7/7/2016,1356.7
7/8/2016,1354.25
7/11/2016,1357.1
7/12/2016,1342.4
7/13/2016,1342.75
7/14/2016,1323.6
7/15/2016,1327
7/18/2016,1334.7
7/19/2016,1330.9
7/20/2016,1315.9
7/21/2016,1321.15
7/22/2016,1320.75
7/25/2016,1313.15
7/26/2016,1323
7/27/2016,1329
7/28/2016,1341.75
7/29/2016,1342
8/1/2016,1349.65
8/2/2016,1363.75
8/3/2016,1358.9
8/4/2016,1362.75
8/5/2016,1340.4
8/8/2016,1336.8
8/9/2016,1341
8/10/2016,1347.7
8/11/2016,1355
8/12/2016,1352.2
8/15/2016,1339.4
8/16/2016,1344
8/17/2016,1343.35
8/18/2016,1350.05
8/19/2016,1346.4
8/22/2016,1335.9
8/23/2016,1342
8/24/2016,1327.25
8/25/2016,1321.3
8/26/2016,1318.75
8/29/2016,1318.75
8/30/2016,1318.15
8/31/2016,1309.25
9/1/2016,1309.5
9/2/2016,1324.7
9/5/2016,1326.35
9/6/2016,1337.25
9/7/2016,1348.35
9/8/2016,1343.4
9/9/2016,1330.85
9/12/2016,1324.6
9/13/2016,1323.65
9/14/2016,1321.75
9/15/2016,1310.8
9/16/2016,1308.35
9/19/2016,1314.85
9/20/2016,1313.8
9/21/2016,1326.1
9/22/2016,1339.1
9/23/2016,1338.65
9/26/2016,1340.5
9/27/2016,1327
9/28/2016,1322.5
9/29/2016,1318.1
9/30/2016,1322.5
10/3/2016,1313.3
10/4/2016,1283.3
10/5/2016,1269.4
10/6/2016,1254.5
10/7/2016,1258.75
10/10/2016,1259.5
10/11/2016,1253.45
10/12/2016,1256.5
10/13/2016,1261.05
10/14/2016,1251.75
10/17/2016,1254.8
10/18/2016,1258.2
10/19/2016,1269.05
10/20/2016,1271.65
10/21/2016,1266.05
10/24/2016,1265.55
10/25/2016,1269.4
10/26/2016,1270.5
10/27/2016,1266.25
10/28/2016,1273
10/31/2016,1272
11/1/2016,1288.45
11/2/2016,1303.75
11/3/2016,1301
11/4/2016,1302.8
11/7/2016,1283.05
11/8/2016,1282.35
11/9/2016,1281.4
11/10/2016,1267.5
11/11/2016,1236.45
11/14/2016,1213.6
11/15/2016,1226.95
11/16/2016,1229.2
11/17/2016,1226.75
11/18/2016,1211
11/21/2016,1214.25
11/22/2016,1212.25
11/23/2016,1185.35
11/24/2016,1186.1
11/25/2016,1187.7
11/28/2016,1187
11/29/2016,1186.55
11/30/2016,1178.1
12/1/2016,1161.85
12/2/2016,1173.5
12/5/2016,1162.2
12/6/2016,1172.5
12/7/2016,1177.65
12/8/2016,1171.05
12/9/2016,1163.6
12/12/2016,1156.1
12/13/2016,1158.55
12/14/2016,1162.25
12/15/2016,1126.95
12/16/2016,1131.6
12/19/2016,1136.25
12/20/2016,1125.7
12/21/2016,1133.65
12/22/2016,1131.35
12/23/2016,1131.35
12/26/2016,1131.35
12/27/2016,1131.35
12/28/2016,1134.6
12/29/2016,1145.9
12/30/2016,1145.9
1/2/2017,1145.9
1/3/2017,1151
1/4/2017,1164.25
1/5/2017,1176.7
1/6/2017,1175.85
1/9/2017,1178.5
1/10/2017,1189.5
1/11/2017,1178.55
1/12/2017,1205.05
1/13/2017,1190.35
1/16/2017,1203
1/17/2017,1216.05
1/18/2017,1214.75
1/19/2017,1196.05
1/20/2017,1200.55
1/23/2017,1212.85
1/24/2017,1216.8
1/25/2017,1195
1/26/2017,1189.7
1/27/2017,1184.85
1/30/2017,1192.8
1/31/2017,1212.8
2/1/2017,1203.65
2/2/2017,1221.95
2/3/2017,1215.2
2/6/2017,1226.75
2/7/2017,1231
2/8/2017,1242.1
2/9/2017,1236.8
2/10/2017,1228.3
2/13/2017,1222.25
2/14/2017,1230.75
2/15/2017,1224.4
2/16/2017,1240.55
2/17/2017,1241.95
2/20/2017,1237.3
2/21/2017,1233.2
2/22/2017,1236.65
2/23/2017,1247.9
2/24/2017,1253.65
2/27/2017,1257.2
2/28/2017,1255.6
3/1/2017,1240.4
3/2/2017,1238.1
3/3/2017,1226.5
3/6/2017,1230.95
3/7/2017,1216.65
3/8/2017,1209.2
3/9/2017,1206.55
3/10/2017,1202.65
3/13/2017,1204.2
3/14/2017,1204.6
3/15/2017,1198.8
3/16/2017,1229.35
3/17/2017,1229.6
3/20/2017,1232.4
3/21/2017,1241.6
3/22/2017,1249.05
3/23/2017,1247.5
3/24/2017,1247.5
3/27/2017,1257.55
3/28/2017,1257.25
3/29/2017,1251.1
3/30/2017,1248.8
3/31/2017,1244.85
4/3/2017,1247.25
4/4/2017,1257.65
4/5/2017,1245.8
4/6/2017,1252.5
4/7/2017,1266.45
4/10/2017,1250.05
4/11/2017,1252.9
4/12/2017,1274.3
4/13/2017,1284.15
4/14/2017,1284.15
4/17/2017,1284.15
4/18/2017,1278.95
4/19/2017,1279.05
4/20/2017,1282.1
4/21/2017,1281.85
4/24/2017,1269.4
4/25/2017,1267.8
4/26/2017,1261.85
4/27/2017,1262.8
4/28/2017,1266.45
5/1/2017,1266.45
5/2/2017,1255.45
5/3/2017,1250.3
5/4/2017,1228.45
5/5/2017,1228.05
5/8/2017,1229.8
5/9/2017,1220.4
5/10/2017,1222.95
5/11/2017,1223.15
5/12/2017,1231.25
5/15/2017,1233.3
5/16/2017,1234.2
5/17/2017,1257.4
5/18/2017,1255.9
5/19/2017,1252
5/22/2017,1258.85
5/23/2017,1260.2
5/24/2017,1252.55
5/25/2017,1256.95
5/26/2017,1265.05
5/29/2017,1265.05
5/30/2017,1262.7
5/31/2017,1266.2
6/1/2017,1264.85
6/2/2017,1274.95
6/5/2017,1279.95
6/6/2017,1293.5
6/7/2017,1291
6/8/2017,1273.1
6/9/2017,1266.55
6/12/2017,1266.4
6/13/2017,1262
6/14/2017,1275.5
6/15/2017,1254.55
6/16/2017,1255.4
6/19/2017,1248.15
6/20/2017,1242.2
6/21/2017,1242.5
6/22/2017,1250.8
6/23/2017,1255.7
6/26/2017,1245.25
6/27/2017,1249.55
6/28/2017,1248
6/29/2017,1243.5
6/30/2017,1242.25
7/3/2017,1229.25
7/4/2017,1223.75
7/5/2017,1220.3
7/6/2017,1224.9
7/7/2017,1215.65
7/10/2017,1211.9
7/11/2017,1211.05
7/12/2017,1218.8
7/13/2017,1218.9
7/14/2017,1230.3
7/17/2017,1234.1
7/18/2017,1240.75
7/19/2017,1242.15
7/20/2017,1238.7
7/21/2017,1248.55
7/24/2017,1255.55
7/25/2017,1254.4
7/26/2017,1248.1
7/27/2017,1261.1
7/28/2017,1264.9
7/31/2017,1267.55
8/1/2017,1270.95
8/2/2017,1269.6
8/3/2017,1268.1
8/4/2017,1257.7
8/7/2017,1258
8/8/2017,1261.8
8/9/2017,1271.05
8/10/2017,1284.4
8/11/2017,1286.1
8/14/2017,1282.3
8/15/2017,1270.3
8/16/2017,1272.75
8/17/2017,1285.15
8/18/2017,1295.8
8/21/2017,1292.9
8/22/2017,1284.2
8/23/2017,1286.65
8/24/2017,1289
8/25/2017,1285.3
8/28/2017,1285.3
8/29/2017,1318.65
8/30/2017,1308.5
8/31/2017,1311.75
9/1/2017,1320.4
9/4/2017,1333.1
9/5/2017,1335.55
9/6/2017,1337.85
9/7/2017,1343.5
9/8/2017,1346.25
9/11/2017,1334.2
9/12/2017,1326.5
9/13/2017,1327.55
9/14/2017,1324.55
9/15/2017,1322.85
9/18/2017,1312.1
9/19/2017,1309.6
9/20/2017,1311.3
9/21/2017,1292.1
9/22/2017,1294.8
9/25/2017,1293.3
9/26/2017,1300.05
9/27/2017,1282.55
9/28/2017,1283.35
9/29/2017,1283.1
10/2/2017,1273.7
10/3/2017,1271.25
10/4/2017,1274.25
10/5/2017,1274.5
10/6/2017,1261.8
10/9/2017,1278.75
10/10/2017,1291.4
10/11/2017,1289.25
10/12/2017,1290.25
10/13/2017,1299.6
10/16/2017,1303.3
10/17/2017,1284.75
10/18/2017,1280.2
10/19/2017,1286.4
10/20/2017,1281.2
10/23/2017,1274.9
10/24/2017,1276.45
10/25/2017,1275
10/26/2017,1273.75
10/27/2017,1266.45
10/30/2017,1272
10/31/2017,1270.15
11/1/2017,1277.05
11/2/2017,1279.2
11/3/2017,1267.2
11/6/2017,1270.9
11/7/2017,1275.6
11/8/2017,1284
11/9/2017,1284.8
11/10/2017,1284.3
11/13/2017,1277.95
11/14/2017,1274.6
11/15/2017,1282.2
11/16/2017,1280
11/17/2017,1284.35
11/20/2017,1286.2
11/21/2017,1283.3
11/22/2017,1286.95
11/23/2017,1290.35
11/24/2017,1290.5
11/27/2017,1294.9
11/28/2017,1291.85
11/29/2017,1283.85
11/30/2017,1280.2
12/1/2017,1275.5
12/4/2017,1273.45
12/5/2017,1266.3
12/6/2017,1263.7
12/7/2017,1255
12/8/2017,1250.65
12/11/2017,1247.15
12/12/2017,1240.9
12/13/2017,1242.65
12/14/2017,1251
12/15/2017,1254.6
12/18/2017,1260.6
12/19/2017,1260.35
12/20/2017,1264.55
12/21/2017,1264.55
12/22/2017,1264.55
12/25/2017,1264.55
12/26/2017,1264.55
12/27/2017,1279.4
12/28/2017,1291
12/29/2017,1291
1/1/2018,1291
1/2/2018,1312.05
1/3/2018,1314.9
1/4/2018,1314.5
1/5/2018,1317.15
1/8/2018,1319.95
1/9/2018,1311
1/10/2018,1319.75
1/11/2018,1323.05
1/12/2018,1326.8
1/15/2018,1339.25
1/16/2018,1333.85
1/17/2018,1335.65
1/18/2018,1332.2
1/19/2018,1334.95
1/22/2018,1332.6
1/23/2018,1333.4
1/24/2018,1353.7
1/25/2018,1354.95
1/26/2018,1353.15
1/29/2018,1343.85
1/30/2018,1344.9
1/31/2018,1345.05
2/1/2018,1341.35
2/2/2018,1331.15
2/5/2018,1333.6
2/6/2018,1331.4
2/7/2018,1324.65
2/8/2018,1315.45
2/9/2018,1314.1
2/12/2018,1322.3
2/13/2018,1325.35
2/14/2018,1336.25
2/15/2018,1352.45
2/16/2018,1352.1
2/19/2018,1346.6
2/20/2018,1339.85
2/21/2018,1330.5
2/22/2018,1328.35
2/23/2018,1327.95
2/26/2018,1333.5
2/27/2018,1325.75
2/28/2018,1317.85
3/1/2018,1307.75
3/2/2018,1322.3
3/5/2018,1320.4
3/6/2018,1331.4
3/7/2018,1329.4
3/8/2018,1321
3/9/2018,1320.6
3/12/2018,1319.15
3/13/2018,1322.75
3/14/2018,1323.55
3/15/2018,1318.75
3/16/2018,1310.1
3/19/2018,1312.4
3/20/2018,1311
3/21/2018,1321.35
3/22/2018,1329.15
3/23/2018,1346.6
3/26/2018,1352.4
3/27/2018,1341.45
3/28/2018,1332.45
3/29/2018,1323.85
3/30/2018,1323.85
4/2/2018,1323.85
4/3/2018,1333.45
4/4/2018,1337.3
4/5/2018,1327.7
4/6/2018,1331.2
4/9/2018,1331.95
4/10/2018,1338.95
4/11/2018,1350.75
4/12/2018,1341.35
4/13/2018,1343.7
4/16/2018,1349.35
4/17/2018,1342.1
4/18/2018,1351.45
4/19/2018,1348.6
4/20/2018,1336.75
4/23/2018,1324.3
4/24/2018,1328.85
4/25/2018,1321.65
4/26/2018,1320.7
4/27/2018,1321.5
4/30/2018,1313.2
5/1/2018,1307.1
5/2/2018,1304.2
5/3/2018,1315.05
5/4/2018,1309.4
5/7/2018,1309.4
5/8/2018,1306.6
5/9/2018,1313.85
5/10/2018,1318.8
5/11/2018,1324.35
5/14/2018,1319.85
5/15/2018,1295
5/16/2018,1291.25
5/17/2018,1289.5
5/18/2018,1288.3
5/21/2018,1288.35
5/22/2018,1293.05
5/23/2018,1289
5/24/2018,1304.85
5/25/2018,1303.5
5/28/2018,1303.5
5/29/2018,1295.5
5/30/2018,1300.7
5/31/2018,1305.35
6/1/2018,1294.6
6/4/2018,1295.45
6/5/2018,1292.05
6/6/2018,1300.1
6/7/2018,1297.25
6/8/2018,1298.25
6/11/2018,1299.6
6/12/2018,1298.65
6/13/2018,1296.15
6/14/2018,1302.75
6/15/2018,1285.25
6/18/2018,1281.55
6/19/2018,1276.15
6/20/2018,1274.2
6/21/2018,1266.15
6/22/2018,1269.15
6/25/2018,1268.7
6/26/2018,1260.3
6/27/2018,1254.6
6/28/2018,1251.55
6/29/2018,1250.45
7/2/2018,1247.8
7/3/2018,1251.75
7/4/2018,1255.65
7/5/2018,1255.5
7/6/2018,1255.35
7/9/2018,1262.05
7/10/2018,1254
7/11/2018,1251.4
7/12/2018,1245.9
7/13/2018,1241.7
7/16/2018,1241.1
7/17/2018,1232.8
7/18/2018,1224.5
7/19/2018,1217.55
7/20/2018,1228.75
7/23/2018,1224.95
7/24/2018,1228.35
7/25/2018,1231.5
7/26/2018,1228.25
7/27/2018,1223.95
7/30/2018,1223.8
7/31/2018,1220.95
8/1/2018,1219
8/2/2018,1215.45
8/3/2018,1216.3
8/6/2018,1209.65
8/7/2018,1212.35
8/8/2018,1209.55
8/9/2018,1214.35
8/10/2018,1214.4
8/13/2018,1200.35
8/14/2018,1197
8/15/2018,1182
8/16/2018,1180.4
8/17/2018,1178.4
8/20/2018,1184.35
8/21/2018,1190.95
8/22/2018,1196.65
8/23/2018,1192.35
8/24/2018,1197.7
8/27/2018,1197.7
8/28/2018,1212.25
8/29/2018,1204.2
8/30/2018,1197.3
8/31/2018,1202.45
9/3/2018,1200.05
9/4/2018,1190.85
9/5/2018,1196.7
9/6/2018,1205.15
9/7/2018,1198.9
9/10/2018,1196.6
9/11/2018,1189.85
9/12/2018,1195.6
9/13/2018,1209.8
9/14/2018,1201.95
9/17/2018,1201.9
9/18/2018,1200.2
9/19/2018,1203.3
9/20/2018,1208.35
9/21/2018,1198.7
9/24/2018,1202.75
9/25/2018,1201.9
9/26/2018,1194.25
9/27/2018,1185.4
9/28/2018,1187.25
10/1/2018,1189.35
10/2/2018,1204.7
10/3/2018,1201.2
10/4/2018,1203.45
10/5/2018,1203.8
10/8/2018,1186.95
10/9/2018,1185.55
10/10/2018,1188.6
10/11/2018,1205.55
10/12/2018,1219.75
10/15/2018,1229.95
10/16/2018,1230.7
10/17/2018,1229.05
10/18/2018,1223
10/19/2018,1227.85
10/22/2018,1222.3
10/23/2018,1235.95
10/24/2018,1230.55
10/25/2018,1230.8
10/26/2018,1233.85
10/29/2018,1230.8
10/30/2018,1225.4
10/31/2018,1214.95
11/1/2018,1231.15
11/2/2018,1232.1
11/5/2018,1232.25
11/6/2018,1231.6
11/7/2018,1229.95
11/8/2018,1224.15
11/9/2018,1211.4
11/12/2018,1205.55
11/13/2018,1202.1
11/14/2018,1203.25
11/15/2018,1211.85
11/16/2018,1222.4
11/19/2018,1221.6
11/20/2018,1223
11/21/2018,1226.1
11/22/2018,1227.05
11/23/2018,1223.65
11/26/2018,1223.4
11/27/2018,1221.2
11/28/2018,1213.25
11/29/2018,1226.25
11/30/2018,1217.55
12/3/2018,1230.3
12/4/2018,1240.3
12/5/2018,1235.9
12/6/2018,1242.55
12/7/2018,1243.3
12/10/2018,1245.35
12/11/2018,1245.3
12/12/2018,1245.75
12/13/2018,1242.75
12/14/2018,1235.35
12/17/2018,1241.65
12/18/2018,1246.3
12/19/2018,1255
12/20/2018,1259.75
12/21/2018,1258.15
12/24/2018,1258.15
12/25/2018,1258.15
12/26/2018,1258.15
12/27/2018,1268
12/28/2018,1279
12/31/2018,1279
1/1/2019,1279
1/2/2019,1282.9
1/3/2019,1290.45
1/4/2019,1279.9
1/7/2019,1292.2
1/8/2019,1286.45
1/9/2019,1288.6
1/10/2019,1291.9
1/11/2019,1288.95
1/14/2019,1292.75
1/15/2019,1294.4
1/16/2019,1292.3
1/17/2019,1290.7
1/18/2019,1284.2
1/21/2019,1279.55
1/22/2019,1282.1
1/23/2019,1279.8
1/24/2019,1283.7
1/25/2019,1293.9
1/28/2019,1302.15
1/29/2019,1307.55
1/30/2019,1310.7
1/31/2019,1323.25
2/1/2019,1318.7
2/4/2019,1312.15
2/5/2019,1314.2
2/6/2019,1312.4
2/7/2019,1310
2/8/2019,1314.85
2/11/2019,1306.4
2/12/2019,1310
2/13/2019,1312.8
2/14/2019,1311.45
2/15/2019,1316.55
2/18/2019,1325.5
2/19/2019,1334.15
2/20/2019,1343.75
2/21/2019,1331.25
2/22/2019,1329.05
2/25/2019,1331.05
2/26/2019,1325.05
2/27/2019,1322.85
2/28/2019,1319.15
3/1/2019,1311.95
3/4/2019,1285.4
3/5/2019,1283.8
3/6/2019,1285.85
3/7/2019,1285.3
3/8/2019,1296.75
3/11/2019,1292.75
3/12/2019,1297.05
3/13/2019,1306.95
3/14/2019,1295.55
3/15/2019,1303.5
3/18/2019,1305.6
3/19/2019,1307.7
3/20/2019,1303.7
3/21/2019,1309.6
3/22/2019,1311.3
3/25/2019,1319.55
3/26/2019,1316.3
3/27/2019,1309.7
3/28/2019,1295.15
3/29/2019,1295.4
4/1/2019,1293.5
4/2/2019,1290.3
4/3/2019,1290.45
4/4/2019,1283.15
4/5/2019,1288.45
4/8/2019,1300
4/9/2019,1303
4/10/2019,1305.45
4/11/2019,1298.8
4/12/2019,1294.3
4/15/2019,1285.65
4/16/2019,1276.35
4/17/2019,1275.85
4/18/2019,1275.7
4/19/2019,1275.7
4/22/2019,1275.7
4/23/2019,1269.5
4/24/2019,1271.65
4/25/2019,1280.8
4/26/2019,1284.2
4/29/2019,1279.5
4/30/2019,1282.3
5/1/2019,1283.8
5/2/2019,1270.95
5/3/2019,1278.55
5/6/2019,1278.55
5/7/2019,1281.2
5/8/2019,1285.2
5/9/2019,1286.1
5/10/2019,1287.1
5/13/2019,1295.6
5/14/2019,1298.4
5/15/2019,1299.1
5/16/2019,1291.7
5/17/2019,1280.8
5/20/2019,1276.85
5/21/2019,1271.15
5/22/2019,1273.8
5/23/2019,1283.65
5/24/2019,1282.5
5/27/2019,1282.5
5/28/2019,1278.3
5/29/2019,1281.65
5/30/2019,1280.95
5/31/2019,1295.55
6/3/2019,1317.1
6/4/2019,1324.25
6/5/2019,1335.05
6/6/2019,1335.5
6/7/2019,1340.65
6/10/2019,1328.6
6/11/2019,1324.3
6/12/2019,1332.35
6/13/2019,1335.9
6/14/2019,1351.25
6/17/2019,1341.3
6/18/2019,1341.35
6/19/2019,1344.05
6/20/2019,1379.5
6/21/2019,1397.15
6/24/2019,1405.7
6/25/2019,1431.4
6/26/2019,1403.95
6/27/2019,1402.5
6/28/2019,1409
7/1/2019,1390.1
7/2/2019,1391.05
7/3/2019,1413.5
7/4/2019,1414.9
7/5/2019,1388.65
7/8/2019,1400.1
7/9/2019,1391.55
7/10/2019,1408.3
7/11/2019,1413.75
7/12/2019,1407.6
7/15/2019,1412.4
7/16/2019,1409.85
7/17/2019,1410.35
7/18/2019,1417.45
7/19/2019,1439.7
7/22/2019,1427.75
7/23/2019,1425.55
7/24/2019,1426.95
7/25/2019,1416.1
7/26/2019,1420.4
7/29/2019,1419.05
7/30/2019,1425.9
7/31/2019,1427.55
8/1/2019,1406.8
8/2/2019,1441.75
8/5/2019,1465.25
8/6/2019,1465.25
8/7/2019,1506.05
8/8/2019,1495.75
8/9/2019,1497.7
8/12/2019,1504.7
8/13/2019,1498.4
8/14/2019,1513.25
8/15/2019,1515.65
8/16/2019,1515.25
8/19/2019,1496.6
8/20/2019,1504.55
8/21/2019,1503.25
8/22/2019,1502.05
8/23/2019,1503.8
8/26/2019,1503.8
8/27/2019,1532.95
8/28/2019,1537.15
8/29/2019,1540.2
8/30/2019,1528.4
9/2/2019,1525.95
9/3/2019,1537.85
9/4/2019,1546.1
9/5/2019,1529.1
9/6/2019,1523.7
9/9/2019,1509.2
9/10/2019,1498.25
9/11/2019,1490.65
9/12/2019,1515.2
9/13/2019,1503.1
9/16/2019,1497.2
9/17/2019,1502.1
9/18/2019,1503.5
9/19/2019,1500.7
9/20/2019,1501.9
9/23/2019,1522.1
9/24/2019,1520.65
9/25/2019,1528.75
9/26/2019,1506.4
9/27/2019,1489.9
9/30/2019,1485.3
10/1/2019,1473.45
10/2/2019,1492.6
10/3/2019,1517.1
10/4/2019,1499.15
10/7/2019,1501.25
10/8/2019,1505.85
10/9/2019,1507.25
10/10/2019,1494.8
10/11/2019,1479.15
10/14/2019,1490.6
10/15/2019,1487.8
10/16/2019,1485.1
10/17/2019,1492.65
10/18/2019,1490
10/21/2019,1491.65
10/22/2019,1485.35
10/23/2019,1494.45
10/24/2019,1496.55
10/25/2019,1513.45
10/28/2019,1492.4
10/29/2019,1486.75
10/30/2019,1492.1
10/31/2019,1510.95
11/1/2019,1508.8
11/4/2019,1509.45
11/5/2019,1488.95
11/6/2019,1486.05
11/7/2019,1484.25
11/8/2019,1464.15
11/11/2019,1458.7
11/12/2019,1452.05
11/13/2019,1462.9
11/14/2019,1466.65
11/15/2019,1466.9
11/18/2019,1467.65
11/19/2019,1468.45
11/20/2019,1471.7
11/21/2019,1467.05
11/22/2019,1464.45
11/25/2019,1458.4
11/26/2019,1454.65
11/27/2019,1454.35
11/28/2019,1454.65
11/29/2019,1460.15
